customer_id,customer_name,email,registration_date,customer_type
1,Jonathan Hunt,hensonpatricia@example.net,2025-12-20,REGULAR
2,Kenneth Kirby,lpotter@example.com,2024-08-15,PREMIUM
3,Bobby Mitchell,colelisa@example.net,2025-09-08,REGULAR
4,Christine King,linda81@example.net,2025-01-18,REGULAR
5,Joshua Roberts,nancypadilla@example.net,2024-12-01,REGULAR
6,Michael Cox,ldavis@example.net,2025-09-21,PREMIUM
7,Jessica Lang,hsanders@example.com,2025-05-22,REGULAR
8,Vickie Palmer,johnstonkatie@example.org,2026-08-07,REGULAR
9,Meagan Love,eharrison@example.org,2024-02-14,PREMIUM
10,Joyce Harrison,anita48@example.net,2025-09-26,PREMIUM
11,Renee Morales,kellyadams@example.org,2024-03-28,REGULAR
12,Linda Ellis,mward@example.com,2026-07-19,REGULAR
13,Mr. Ronald Morton,guerralevi@example.org,2025-06-20,VIP
14,Rachel Robertson,lweeks@example.com,2025-08-22,VIP
15,Mariah Berger,colin62@example.com,2023-08-30,REGULAR
16,Jerry Payne,bishopjames@example.org,2026-03-30,REGULAR
17,Joshua Adams,eric59@example.net,2025-09-11,REGULAR
18,Teresa Gardner,mmatthews@example.net,2025-10-01,PREMIUM
19,Jason Moore,kristaherman@example.com,2025-10-05,REGULAR
20,Robert Meyer,nicholasbenjamin@example.com,2023-12-01,REGULAR
21,Gregory Gomez,johnsonthomas@example.net,2024-11-22,REGULAR
22,Thomas Jimenez,zduncan@example.org,2024-04-04,REGULAR
23,Christine Hanson,rgeorge@example.net,2023-11-24,REGULAR
24,Amanda Holland,brandongardner@example.org,2025-07-10,REGULAR
25,Margaret Webb,andersonalyssa@example.net,2024-03-09,VIP
26,Ryan Price,fpatel@example.com,2024-11-24,REGULAR
27,Christopher Marshall,lroberts@example.com,2025-10-23,REGULAR
28,Mr. Robert Hogan,abbottjesse@example.org,2025-07-14,REGULAR
29,Jennifer Logan,susanbell@example.org,2025-02-05,REGULAR
30,Laura Ryan,oliverjuan@example.net,2024-07-07,PREMIUM
31,Kristine Santiago,craigbaker@example.com,2024-05-01,REGULAR
32,Antonio Kelly,debbierodriguez@example.com,2024-10-11,REGULAR
33,Amy Frederick,josebrown@example.com,2024-09-11,REGULAR
34,Alan Davis,collinsclifford@example.net,2026-01-20,REGULAR
35,Shannon Edwards DDS,middletonleslie@example.org,2026-02-16,REGULAR
36,William Johns,michelle46@example.com,2025-02-12,VIP
37,Mike Johns,heather41@example.com,2025-05-17,REGULAR
38,Steven Weaver,james01@example.org,2026-03-27,REGULAR
39,Andrew Mills,anthony92@example.com,2025-05-15,REGULAR
40,David Fisher,kimberlywhite@example.org,2026-06-01,PREMIUM
41,Kimberly Peters,kristin30@example.org,2024-10-12,REGULAR
42,Jennifer Mullen,sherylwheeler@example.org,2025-12-15,REGULAR
43,Sean Colon,matthew85@example.org,2026-05-26,REGULAR
44,Lori Sanchez,cordovaerin@example.org,2025-04-19,REGULAR
45,Heather Tyler,matthew35@example.com,2025-07-22,VIP
46,Kimberly Wells,jacob62@example.com,2023-08-17,REGULAR
47,Robin Conley,opope@example.org,2023-12-17,PREMIUM
48,Joshua Baker,lutzandrew@example.org,2026-07-24,REGULAR
49,Laura Sosa,hryan@example.net,2026-06-02,PREMIUM
50,Jordan Miller,qcook@example.com,2023-10-12,VIP
51,Mary Lopez,kenneth45@example.org,2025-04-03,REGULAR
52,Paul Smith,wcrosby@example.net,2024-04-30,REGULAR
53,Alyssa Edwards,frankeaton@example.net,2026-06-11,VIP
54,Maria Smith,bryce43@example.net,2024-04-04,PREMIUM
55,Danielle Rodriguez,todd16@example.com,2026-03-24,REGULAR
56,Bruce Wells,hmartinez@example.org,2025-02-16,REGULAR
57,Joy Richards,jonestheresa@example.com,2024-12-05,PREMIUM
58,Matthew Jackson,vhunter@example.com,2026-05-25,REGULAR
59,Jennifer Thompson,srobinsonexample.com,2025-02-02,REGULAR
60,Robert James,scottknight@example.net,2024-02-23,REGULAR
61,Gary Wilson,maureen74@example.org,2025-12-02,REGULAR
62,Cynthia Compton,adamsautumn@example.net,2025-04-23,PREMIUM
63,Joshua Murphy,rrogers@example.com,2026-06-27,REGULAR
64,Tiffany Contreras,rogerwong@example.org,2025-04-21,REGULAR
65,Alexandra Hansen,david99@example.com,2025-08-17,REGULAR
66,Karen Smith,daisyguerrero@example.com,2024-12-28,VIP
67,Daniel Bryant,cindy51@example.net,2026-07-19,PREMIUM
68,Randy Haas,markrobinson@example.com,2024-06-24,REGULAR
69,Carolyn Collins,rjoseph@example.net,2025-12-24,VIP
70,Allen Crosby,lopezjessica@example.org,2025-08-09,REGULAR
71,Gloria Reed,uscott@example.com,2023-10-05,REGULAR
72,Brandi Castillo,jon73@example.com,2024-10-07,PREMIUM
73,Monique Torres,briggsmichelle@example.net,2026-05-07,REGULAR
74,Melanie Cannon,tina91@example.net,2025-10-28,PREMIUM
75,Katherine Guerrero,howard82@example.com,2025-11-06,REGULAR
76,Janet Rodriguez,anthonyallenexample.com,2025-10-06,PREMIUM
77,Beth Lewis,kimberly72@example.net,2026-06-27,REGULAR
78,Erika Osborn,upatel@example.net,2024-05-28,PREMIUM
79,Juan Petty,davidcabrera@example.net,2026-01-15,REGULAR
80,Melvin Johnson,shelley22@example.com,2025-11-25,REGULAR
81,Bethany Jackson,pottererin@example.com,2026-05-01,REGULAR
82,Susan Bernard,jeffrey58@example.org,2025-08-01,REGULAR
83,Jennifer Mccullough,jenniferwilliams@example.org,2023-11-07,REGULAR
84,Kevin Bush,mark02@example.net,2024-06-01,REGULAR
85,Ann Alvarado,marissajackson@example.org,2026-06-01,REGULAR
86,Christy Moore,dgriffith@example.com,2026-08-08,REGULAR
87,Eric Rodgers,ndavis@example.net,2024-06-07,REGULAR
88,Blake Espinoza,dariusharris@example.com,2024-05-29,REGULAR
89,Tracy Patterson,deborahmcintyre@example.com,2024-10-28,PREMIUM
90,Jennifer Woods,wtanner@example.com,2024-03-10,PREMIUM
91,Charles Walker,stephen99@example.org,2026-07-28,PREMIUM
92,Erika Scott,murraymichael@example.net,2025-11-09,REGULAR
93,Robin Phillips,lawrencechad@example.com,2026-01-01,PREMIUM
94,Robert Mcbride,iaustin@example.org,2024-04-02,VIP
95,Brandy Garcia,jacksonmichelle@example.org,2023-10-19,PREMIUM
96,Andrea Guzman,oconnormelissa@example.com,2024-04-03,REGULAR
97,John Morris,zvaughn@example.org,2025-10-15,REGULAR
98,Emily Williams,caitlingonzales@example.org,2026-02-08,REGULAR
99,James Moreno,ydougherty@example.net,2023-09-30,REGULAR
100,Rachel Phillips,joseph69@example.org,2025-02-08,REGULAR
101,Kelly Ashley,hartlinda@example.net,2023-12-05,REGULAR
102,Joyce Morton,trujillorobert@example.org,2024-08-22,REGULAR
103,Dennis Mcbride,rhonda14@example.org,2023-10-04,PREMIUM
104,Ryan Pratt,lamandrea@example.org,2025-02-11,PREMIUM
105,Veronica Benson,kruegerrachel@example.org,2026-05-15,VIP
106,Karen Carter,deniseramirez@example.org,2024-10-27,REGULAR
107,Amanda Middleton,blackwelljessica@example.org,2025-12-06,PREMIUM
108,Lauren Young,weaverjeremy@example.com,2025-07-29,REGULAR
109,Andre Gutierrez,alexandercindy@example.org,2024-08-10,REGULAR
110,Curtis Avila,pramirez@example.net,2024-04-27,REGULAR
111,Albert Jones,tinabradley@example.net,2024-08-20,REGULAR
112,Kara Steele,gregory81@example.org,2023-08-11,PREMIUM
113,Ann Wolfe,vlambert@example.net,2025-02-11,REGULAR
114,Michael Smith,john63@example.com,2026-02-17,REGULAR
115,Melanie Knight,julie00@example.com,2024-05-07,REGULAR
116,Leslie Sanchez,kchristensen@example.net,2025-09-27,REGULAR
117,Karen Jones,austinlarry@example.com,2024-09-03,REGULAR
118,Lee Fry,aschultz@example.com,2026-02-06,PREMIUM
119,Darren Nguyen,singletonstephanie@example.com,2025-06-28,REGULAR
120,Sandra King,uharrison@example.org,2024-01-13,REGULAR
121,Amanda Lewis,jennifer63@example.net,2026-06-06,PREMIUM
122,Robert Hall,carolynnewman@example.com,2024-06-26,REGULAR
123,Elizabeth Daniels,wsteele@example.com,2024-08-19,REGULAR
124,Eric Moss,kevinabbott@example.net,2026-01-26,PREMIUM
125,William Fields,carrjoann@example.net,2025-10-15,REGULAR
126,Edward Gutierrez,laurie98example.com,2025-02-03,REGULAR
127,Kelly Smith,xhughes@example.org,2025-12-24,REGULAR
128,Heather Paul,rodriguezjason@example.com,2026-03-25,VIP
129,Zachary Moore,nathanielgardner@example.org,2024-02-06,PREMIUM
130,Bryce Guzman,butlermanuel@example.org,2024-01-06,REGULAR
131,Pamela Hopkins,gburton@example.net,2024-01-19,VIP
132,Cheryl Salinas,lpeterson@example.org,2023-12-21,REGULAR
133,Chase Owens,hullandrea@example.com,2024-02-28,VIP
134,Michael Henderson,ramosbryan@example.com,2025-02-05,REGULAR
135,Yolanda Russell,qbowman@example.net,2025-12-02,REGULAR
136,Jessica Bell,alexthomas@example.net,2024-11-28,REGULAR
137,Robert Hartman,michaelgoodwin@example.com,2026-04-19,REGULAR
138,Randy Baker,lhodge@example.com,2024-08-06,REGULAR
139,Lisa White,jking@example.net,2024-09-03,REGULAR
140,Donna Rodgers,jared97@example.org,2025-02-14,VIP
141,Ellen Baker,brennanjohn@example.org,2026-02-27,REGULAR
142,Melissa Luna,guerrerorichard@example.com,2026-03-17,REGULAR
143,James Rodriguez,molly67@example.net,2024-12-24,REGULAR
144,Heather Hodges,ymoss@example.com,2025-08-23,REGULAR
145,Jason Williams,shieldskelly@example.net,2023-11-01,REGULAR
146,Gary Green,robin40@example.org,2024-07-13,REGULAR
147,Darryl Williams,savannah98@example.com,2024-01-16,REGULAR
148,Kimberly Chen,robertsdaniel@example.com,2024-07-30,REGULAR
149,Zachary Velez,duartenancy@example.net,2025-04-02,REGULAR
150,Jeremiah Flowers,avilamichelle@example.com,2025-03-07,REGULAR
151,Sandra Alexander,perryedward@example.net,2025-11-18,REGULAR
152,James Williams,asheppard@example.com,2025-06-24,REGULAR
153,Bridget Smith,hoganrussell@example.com,2025-07-26,REGULAR
154,Brittany Morris,anthony13@example.com,2025-03-30,REGULAR
155,James Jones,richardsonelizabeth@example.com,2025-12-14,REGULAR
156,Gerald Davis,hollowaycharles@example.org,2025-07-29,REGULAR
157,Rachel Booth,edwardtran@example.net,2024-02-10,REGULAR
158,Kevin Ruiz,jacobthompson@example.com,2025-08-13,REGULAR
159,Mark Taylor,lauren80@example.net,2025-01-26,REGULAR
160,Courtney Hill,starkedwin@example.com,2025-04-09,REGULAR
161,Tiffany Reeves,kurtgreen@example.net,2025-05-13,VIP
162,Eugene Evans,howekelly@example.com,2023-12-26,REGULAR
163,Martha Giles,johnsonleslie@example.org,2026-04-07,PREMIUM
164,Anna Porter,ivega@example.net,2026-03-22,REGULAR
165,Hunter Lowe,fzuniga@,2025-06-05,REGULAR
166,Matthew Russo,amberking@example.net,2025-11-01,REGULAR
167,James Dalton,fieldsolivia@example.org,2025-06-12,VIP
168,Michael Day,kennedymikayla@example.com,2025-04-26,REGULAR
169,Thomas Atkins,bakerjohn@example.org,2026-05-07,VIP
170,William Stevens,martinezjody@example.net,2025-08-15,PREMIUM
171,James Lang,lisahaynes@example.com,2024-05-13,REGULAR
172,Jeffrey Henderson,mhawkins@example.org,2025-04-16,REGULAR
173,Jacob Lewis,ugreen@example.net,2024-08-13,REGULAR
174,Renee Castaneda,andrea34@example.org,2023-12-10,REGULAR
175,Daniel Ayala,cindy77@example.org,2024-10-07,REGULAR
176,Michelle Morrow,mccoyjoshua@example.com,2025-01-12,PREMIUM
177,Andrea Hughes,agarner@example.org,2024-02-10,PREMIUM
178,Diana Thornton,johnnguyen@example.net,2024-12-14,PREMIUM
179,Deborah Nunez,frazierrenee@example.net,2024-10-07,REGULAR
180,Diana Riggs,wangdavid@example.com,2025-04-17,REGULAR
181,James Davis,richard80@example.net,2025-12-24,REGULAR
182,Anthony Smith,simscynthia@example.org,2023-09-10,VIP
183,Randy Watkins Jr.,gonzalezlindaexample.org,2025-09-12,PREMIUM
184,Daniel Brooks,gonzalezlarry@example.net,2025-08-19,REGULAR
185,Joseph Mack,zburch@example.org,2024-01-19,REGULAR
186,David Miller,lopezjohn@example.org,2023-10-08,REGULAR
187,Eric Soto,dodsonkyle@example.com,2024-06-09,REGULAR
188,Tracey Liu,wgarcia@example.org,2026-02-12,REGULAR
189,Andrew Preston,robertwilliams@example.net,2024-01-01,REGULAR
190,Patty Atkins,vwells@example.com,2026-03-03,REGULAR
191,Lauren Montgomery,brookeromero@example.net,2024-05-30,PREMIUM
192,Antonio Anderson,gsutton@example.net,2025-05-21,REGULAR
193,Justin Wilson,hermantracie@example.org,2026-06-07,REGULAR
194,Rodney Edwards,brian63@example.com,2024-01-05,REGULAR
195,Jason Roberson,vanessali@example.net,2025-07-29,REGULAR
196,Joshua Davis,david26@example.com,2024-07-22,REGULAR
197,Nicole Russell,zacharyjackson@example.org,2026-05-28,PREMIUM
198,Rebecca Thompson,janetcollins@example.net,2024-04-05,VIP
199,Edward Powell,shirleyschwartz@example.org,2026-07-04,REGULAR
200,Madeline Diaz,pbrown@example.org,2025-11-28,REGULAR
201,Ms. Kristen Smith,edwardssteven@example.net,2023-11-01,REGULAR
202,Cynthia Brady,matthewthompson@example.net,2025-02-25,REGULAR
203,Jessica Bautista,zfox@example.org,2025-08-04,REGULAR
204,Andrew Dixon,barkerbriannaexample.net,2024-01-25,REGULAR
205,Connor Woodward,cbrown@example.org,2024-04-23,REGULAR
206,Joshua Forbes,vguzman@example.org,2024-09-16,REGULAR
207,John Frank,michelle01@example.org,2025-02-21,REGULAR
208,Nicholas Pollard,grahamnatalie@example.net,2025-08-30,PREMIUM
209,Misty Sellers,pjones@example.org,2024-04-27,REGULAR
210,Shannon Perez,charles58@example.com,2023-10-02,REGULAR
211,Kristi Russell,bartonmark@example.org,2024-01-24,REGULAR
212,Andrew Hull,thomasmichael@example.org,2024-01-24,PREMIUM
213,Christopher Richardson,milleramanda@example.org,2026-02-27,REGULAR
214,Samantha Morton,keithbradley@example.net,2024-03-03,REGULAR
215,Wendy Powell,mckenzienicholas@example.org,2024-02-01,REGULAR
216,Bianca Thompson,jacquelinelang@example.net,2026-07-19,REGULAR
217,John Lam,cwashington@example.com,2023-08-27,REGULAR
218,Terry Mitchell,ustone@example.com,2026-06-29,REGULAR
219,Charles West,mary12@example.net,2026-04-10,VIP
220,Emily Dennis,cpowell@example.com,2025-08-03,PREMIUM
221,Louis Myers,stanleymatthew@example.com,2026-01-17,REGULAR
222,Travis Smith,bwilliams@example.com,2026-07-25,REGULAR
223,Dalton Owens,paulrichard@example.com,2024-01-25,REGULAR
224,Peter Burke,jonathan69@example.com,2023-10-17,REGULAR
225,Julia Johnson,iryan@example.com,2025-04-04,REGULAR
226,Tamara Woods MD,agomez@example.net,2024-11-20,PREMIUM
227,Kathryn Warren,stanleypamela@example.net,2025-06-08,REGULAR
228,Christopher Carpenter,vortiz@example.org,2026-03-23,PREMIUM
229,Mr. Alexander Carroll MD,brussell@example.org,2024-05-08,PREMIUM
230,Robin Jackson,farrellandre@example.org,2026-04-11,REGULAR
231,Jessica Jensen,larry78@example.org,2023-10-27,REGULAR
232,Morgan Shepherd,melissa31@example.com,2025-06-21,REGULAR
233,Timothy Cruz,gabrielclark@example.com,2026-07-29,REGULAR
234,Jeffrey Carlson,mitchellholly@example.org,2024-11-01,REGULAR
235,Martin Munoz,pgonzales@example.com,2024-05-02,PREMIUM
236,Thomas Johnston,jayjones@example.net,2025-06-10,REGULAR
237,Katrina Landry,tiffanyjackson@example.org,2024-07-15,VIP
238,Tonya Wilson,julia71@example.com,2026-06-06,PREMIUM
239,Victor Martinez,edward20@example.com,2024-11-07,REGULAR
240,James Morris,terrencefreeman@example.com,2024-07-11,REGULAR
241,Chris Heath,zimmermanpatricia@example.com,2024-12-09,REGULAR
242,Scott Jones,cheryl46@example.org,2026-01-14,PREMIUM
243,Isaac Walters,mark00@,2026-04-15,REGULAR
244,Joseph Wilson,amy01@example.org,2024-08-12,REGULAR
245,Richard Patterson,kathy08@example.net,2024-06-11,PREMIUM
246,Kayla Berger,maria96@example.org,2023-09-01,PREMIUM
247,Brian Erickson,jennifer44@example.com,2025-03-19,REGULAR
248,Brian Kelly,qbailey@example.org,2026-03-26,REGULAR
249,Brandi Jones,michaelduncan@example.net,2023-10-08,REGULAR
250,Lisa Hood,piercewilliamexample.net,2023-11-08,REGULAR
251,Larry Wright,tylerharold@example.com,2026-04-07,REGULAR
252,Marvin Brewer,gknight@example.com,2025-10-31,REGULAR
253,Tracy Thomas,uturner@example.net,2023-08-26,REGULAR
254,Derek Obrien,oconnormike@example.net,2025-02-08,REGULAR
255,Nicole Ayala,howard45@example.com,2023-12-04,REGULAR
256,Regina Fisher MD,newmanraymond@example.org,2025-03-07,REGULAR
257,Isaiah Ortiz DDS,robertcruz@example.net,2025-11-26,REGULAR
258,Maria Douglas,charlessalazar@example.org,2024-10-06,REGULAR
259,Allen Hill,mramos@example.net,2025-12-18,REGULAR
260,Jennifer Bradley,parkerlaura@example.net,2024-10-03,REGULAR
261,Jeffrey Jones,denisecurtis@example.org,2025-05-31,PREMIUM
262,Emily Acevedo,proctorjacob@example.net,2026-07-09,VIP
263,Heather Hill,hhuerta@example.net,2023-11-10,REGULAR
264,Tammy Bell,fschmidt@example.org,2026-07-15,REGULAR
265,James Phillips,michelleholder@example.org,2024-05-23,REGULAR
266,Debra Rogers,lydia02@example.net,2025-03-01,PREMIUM
267,Julie Gilbert,fnichols@example.com,2025-10-19,REGULAR
268,Kayla Duncan,hmejia@example.com,2026-02-16,PREMIUM
269,Sean Holland,tracy66@example.org,2025-03-09,PREMIUM
270,Philip Davidson,rhondabarber@example.net,2026-08-01,REGULAR
271,Michele Graves,ifreeman@example.net,2025-09-14,REGULAR
272,Chelsea Myers,josetorres@example.net,2025-07-16,REGULAR
273,Jesse Meyer,richardramirez@example.org,2024-03-11,REGULAR
274,Keith Ramos,christinaharris@example.com,2025-07-17,REGULAR
275,Erik Williams,zowens@example.com,2026-07-21,PREMIUM
276,John Miller,cherrymichelle@example.net,2026-01-19,REGULAR
277,Logan Singh,donalddavis@example.com,2024-10-17,REGULAR
278,Caleb Simon,luiswilson@example.com,2026-01-18,REGULAR
279,Mark Chavez,xsullivan@example.net,2024-11-26,REGULAR
280,Mr. John Taylor,martinkatelyn@example.com,2024-03-07,VIP
281,Dr. Stephanie Wu,omendoza@example.org,2025-07-04,REGULAR
282,Shannon Bauer,jeffrey09@example.com,2024-10-15,VIP
283,Christopher Faulkner,mariafrye@example.org,2024-06-09,REGULAR
284,Brandon Gibbs,samanthagarcia@example.com,2026-07-24,REGULAR
285,Felicia Wells,charles58@example.com,2025-04-13,REGULAR
286,Matthew Jones,michaellynn@example.org,2024-11-14,REGULAR
287,Jennifer Preston,shorterin@example.net,2025-04-02,REGULAR
288,Taylor Hanson,amber59@example.org,2024-05-10,PREMIUM
289,Benjamin Ferrell,dustin65@example.net,2026-01-26,PREMIUM
290,Alejandro Reed,brentgood@example.net,2023-10-04,REGULAR
291,Erik Cruz,sylvia72@example.net,2024-04-28,REGULAR
292,Derek Herrera,brandonfischer@example.org,2025-04-21,REGULAR
293,Dawn Ballard,jeffreyshaw@example.com,2024-06-28,REGULAR
294,Willie Kirk,steeledanny@example.net,2024-02-22,REGULAR
295,Jeremy Nguyen,larry34@example.com,2025-09-20,PREMIUM
296,Matthew Miller,rachel59@example.net,2024-05-30,PREMIUM
297,Sarah Carlson,marshallkatherine@example.org,2025-05-02,REGULAR
298,Connor Peters,alexsanchez@example.com,2024-03-18,REGULAR
299,Jennifer Smith,aboyd@example.org,2024-12-30,VIP
300,Ashley Fleming,kimberlycallahan@example.com,2025-04-30,REGULAR
301,Glenn Perkins,laurakennedy@example.net,2024-08-10,REGULAR
302,Nicholas Ruiz,masonashley@example.net,2025-03-27,REGULAR
303,Jill Perez,rhill@example.com,2024-04-11,REGULAR
304,William Fisher MD,adamsdavid@example.com,2026-07-21,REGULAR
305,Katherine Sullivan,gina22@example.com,2024-01-15,REGULAR
306,Brittany Jones,todd75@example.net,2024-04-04,REGULAR
307,Alisha Hart,warrenwilliam@example.com,2025-11-24,REGULAR
308,Patricia Stone,brianamoss@example.com,2025-08-16,PREMIUM
309,Brendan Clements,bcooper@example.com,2023-10-21,REGULAR
310,Kyle Ibarra,rtorres@example.com,2026-02-17,REGULAR
311,Jorge Porter,owensshawnexample.com,2026-08-05,REGULAR
312,Terry Khan,pauljoyce@example.net,2025-05-19,PREMIUM
313,Jamie White,sharoncook@example.net,2025-07-22,PREMIUM
314,Gary Campbell,nwade@example.net,2024-05-26,REGULAR
315,Phillip Todd,ybest@example.net,2024-05-28,REGULAR
316,Robert Torres,fdavis@example.org,2025-10-03,PREMIUM
317,Cynthia Garcia,rebeccaflores@example.org,2026-06-10,REGULAR
318,Margaret Johnston,jay16@example.net,2025-09-29,REGULAR
319,Mr. Michael Mitchell,valeriebrewer@example.org,2025-07-14,VIP
320,Peter Bell,normarush@example.net,2024-04-11,REGULAR
321,Mark Swanson,cnguyen@example.com,2025-09-21,PREMIUM
322,Jason Williams,taylordiane@example.org,2025-04-04,REGULAR
323,Cody Carlson,robertdouglas@example.com,2025-06-02,VIP
324,Angel Gray,egallagher@example.com,2024-10-04,REGULAR
325,Rachel Bradley,victoria09@example.net,2024-07-01,PREMIUM
326,Taylor Ruiz,yroberts@example.org,2024-03-07,REGULAR
327,Nicholas Weber,kingdaniel@example.net,2024-12-03,REGULAR
328,Natalie Kelley,klamb@example.com,2026-03-06,REGULAR
329,Ian Johnson,carlapreston@example.com,2024-11-12,REGULAR
330,Chase Jackson,bwilliams@example.org,2025-11-16,VIP
331,Emily Bailey,robertsbrandon@example.com,2025-05-05,VIP
332,Misty Castillo,kingkathryn@example.net,2026-01-18,VIP
333,Roy Rodriguez Jr.,tamarahaynes@example.com,2026-01-05,REGULAR
334,Matthew Logan,hayespamela@example.net,2025-09-16,REGULAR
335,Patrick Berry,amygarner@example.com,2026-07-23,PREMIUM
336,Casey Hendrix,sharon43@example.com,2023-12-18,REGULAR
337,Laura Henderson,nelsonjustin@example.net,2023-12-25,PREMIUM
338,Brittney Miller,carolhartman@example.com,2025-10-16,VIP
339,Ashlee Mann,estanton@example.org,2024-09-18,REGULAR
340,Amy Sexton,justinpalmer@example.com,2024-06-17,VIP
341,Harold White,usummers@example.com,2025-03-08,REGULAR
342,Jonathon Washington,johnsoncharles@example.net,2024-01-11,REGULAR
343,William Anderson,brianbrooks@example.com,2025-09-22,REGULAR
344,Kathryn Martinez,tylerpatterson@example.net,2025-09-06,REGULAR
345,Tammy Jackson,michael33@example.org,2025-04-23,REGULAR
346,Juan Baker,monica37@example.com,2023-09-02,REGULAR
347,Brandon Martin,stephaniewilliams@example.com,2025-03-26,REGULAR
348,Ashley Hood,victoria93@example.net,2024-03-31,REGULAR
349,Erin Serrano,ychambers@example.org,2023-12-26,REGULAR
350,Jack Butler,susancoleman@example.net,2024-03-04,REGULAR
351,Brandon Ortega,martinezjennifer@example.net,2025-03-25,REGULAR
352,Sarah Thompson,garysellers@example.net,2025-10-04,REGULAR
353,Dana Taylor,brookskrystal@example.org,2024-06-20,REGULAR
354,Brenda Murphy,sanfordgene@example.com,2026-03-13,REGULAR
355,Duane Moore,walterjohn@example.org,2024-12-13,PREMIUM
356,Monica Hernandez,hahnandrea@example.org,2025-01-06,REGULAR
357,Paul Sherman,nmartinez@example.net,2024-12-24,VIP
358,Kyle Morgan,valeriemcdowell@example.org,2023-12-14,PREMIUM
359,Jennifer Tucker,andreamurphy@example.org,2024-01-22,REGULAR
360,Stephanie Murray,russomichele@example.org,2023-11-30,PREMIUM
361,Megan Huber,vancenatalie@example.net,2024-09-24,REGULAR
362,Gregory Garrett,cynthia95@example.com,2023-10-31,PREMIUM
363,Chelsea Morrow,julievargas@example.com,2024-07-16,REGULAR
364,Leslie Donovan,phelpsrebecca@example.net,2023-08-14,REGULAR
365,Austin Baker MD,austinparrish@example.org,2024-10-23,REGULAR
366,Leslie Bray,coopernicole@example.com,2023-09-27,REGULAR
367,Brian Richards,dstewart@,2024-08-26,REGULAR
368,Jennifer Hill,melendezlarry@example.com,2025-03-24,REGULAR
369,Jack Evans,bhouston@example.com,2024-08-01,REGULAR
370,Gary Thomas,brownwanda@example.org,2025-12-15,REGULAR
371,Erica Perez,whahn@example.net,2023-08-27,PREMIUM
372,Maria Cooper,tylerhancock@example.org,2023-08-29,REGULAR
373,Casey Mendoza,tjackson@example.net,2024-12-16,VIP
374,Rhonda Campbell,ramirezdonald@example.net,2024-08-23,REGULAR
375,Rachel Davis,smithdeanna@example.org,2025-06-02,REGULAR
376,Derrick Welch,millscarolyn@example.net,2024-06-24,REGULAR
377,Thomas Trevino,lewismaria@example.net,2025-03-20,REGULAR
378,Stephanie Velasquez,xberry@example.net,2024-01-09,REGULAR
379,Donald Phillips,danielwilliamsexample.com,2024-02-24,REGULAR
380,Emma Washington,traci09@example.org,2023-09-28,REGULAR
381,Krista Johnson,keithnelson@example.org,2025-01-02,REGULAR
382,Steven West,brad77@example.org,2026-02-13,VIP
383,Robert Ward,jill81@example.com,2026-01-22,PREMIUM
384,Travis Rodgers,lopezjoseph@example.net,2023-10-03,REGULAR
385,Brett Hernandez,ricematthew@example.com,2026-04-11,REGULAR
386,Sarah Young,shensley@example.com,2024-11-02,VIP
387,Chris Jenkins,jessica72@example.org,2024-06-28,REGULAR
388,Brian Moody,russellnicholas@example.com,2023-08-19,REGULAR
389,Charles Rivera,reesebrian@example.org,2026-05-14,VIP
390,Laura Burke,hkelly@example.com,2024-12-04,VIP
391,Cheryl Meza,loretta34@example.org,2025-09-18,VIP
392,Ryan Myers,kendraking@example.com,2026-08-04,REGULAR
393,Todd Lewis,jessicalyons@example.com,2026-06-29,REGULAR
394,Brian Herrera,cjones@,2024-04-26,REGULAR
395,Bruce Palmer,vrice@example.net,2024-04-30,REGULAR
396,Teresa Brady,kelseycook@example.org,2026-03-05,REGULAR
397,William Spence,sandrawhite@example.com,2026-04-03,REGULAR
398,Ashley Mendez,stanleyscott@example.org,2024-03-11,REGULAR
399,Scott Calhoun,christopherjenkins@example.org,2023-12-26,REGULAR
400,Dennis Fisher,juanstein@example.net,2026-07-29,REGULAR
401,Robin Mendez,jasmine65@example.com,2026-04-30,REGULAR
402,Thomas Johnson,patricia89@example.com,2025-09-27,REGULAR
403,Mark Anderson,rgarcia@example.org,2025-01-04,REGULAR
404,Jamie James,jessica50@example.com,2023-12-05,REGULAR
405,David Huerta,paulpayne@example.org,2025-04-22,REGULAR
406,Joy Winters,williamslarry@example.com,2024-08-14,REGULAR
407,Heather Jordan,dylan81@example.net,2025-10-05,REGULAR
408,Angela Johnson,estanley@example.net,2025-08-20,PREMIUM
409,William Johnson,heather49@example.org,2023-10-14,VIP
410,Ralph Green,carolinejohnson@example.net,2024-05-13,PREMIUM
411,Ann Hart,brandon74@example.com,2024-10-23,REGULAR
412,Vanessa Hughes,flandry@example.net,2025-03-31,REGULAR
413,Jesse Mack,danielkoch@example.com,2024-08-26,REGULAR
414,Misty Davis,jeremy02@example.com,2024-11-22,REGULAR
415,Mark Miller,harrisonkarina@example.org,2025-03-04,VIP
416,George Carpenter,campbellfaith@example.com,2025-05-23,REGULAR
417,Tracey Soto,francisdean@example.org,2026-07-11,REGULAR
418,Karen Trevino,kbowman@example.net,2024-09-12,PREMIUM
419,Nicole Williams,jwells@example.net,2025-05-16,REGULAR
420,Deanna Davis MD,catherine90@example.org,2023-10-17,REGULAR
421,Diana Weber,greenebrenda@example.org,2023-10-11,REGULAR
422,Howard Jenkins,ibuckley@example.com,2026-06-20,REGULAR
423,Angela Reed,lauramills@example.org,2024-03-15,REGULAR
424,Willie Gonzalez,houstonchristina@example.org,2024-10-01,VIP
425,Matthew Medina,nelsonjennifer@example.org,2024-09-13,PREMIUM
426,Sydney Jenkins,haashunter@example.org,2025-02-24,REGULAR
427,Julie Sanchez,lewismaria@example.com,2023-11-02,REGULAR
428,Jonathan Baker,jensenjoe@example.org,2025-09-22,REGULAR
429,Lauren Wells,kimberly29@example.net,2026-07-13,REGULAR
430,Samantha Fowler,pharrison@example.net,2025-04-01,REGULAR
431,Nathaniel Johnson,uchase@example.com,2023-09-08,REGULAR
432,Vanessa Carr,sara73@example.net,2024-05-05,REGULAR
433,Theresa Hall,wilsonrachel@example.com,2023-10-09,REGULAR
434,Lisa Atkinson,todd47@example.org,2026-01-18,REGULAR
435,Jason Gonzalez,brittany85@,2026-03-14,REGULAR
436,Christine Lowe,anthonysmith@example.com,2024-11-20,REGULAR
437,Jerry Padilla,claudia84@example.com,2024-06-29,REGULAR
438,Benjamin Thomas,bwillis@example.org,2025-08-27,PREMIUM
439,Bradley Wells,johnny51@example.org,2026-08-02,PREMIUM
440,Christopher Le,foxsteven@example.com,2024-05-07,PREMIUM
441,David Garcia,lisa54@example.net,2026-07-18,REGULAR
442,Allison Nichols,joannlogan@example.net,2026-05-07,REGULAR
443,Cody Steele,nicole50@example.com,2024-09-14,REGULAR
444,Dennis Hernandez,codymaynard@example.org,2024-02-02,REGULAR
445,Michele Brewer,thomasjoshua@example.org,2026-07-13,PREMIUM
446,Edward Stewart,ppeterson@example.org,2026-08-08,PREMIUM
447,Briana Chen,zacharybarrera@example.org,2025-09-05,REGULAR
448,Ricky Mason,davenportgregg@example.net,2024-03-23,REGULAR
449,Sean Mitchell,ellisdiane@example.org,2024-09-07,REGULAR
450,Pamela Morris,biancaavila@example.com,2026-01-14,REGULAR
451,Joshua Murphy,scott08@example.com,2025-02-12,REGULAR
452,Daniel Garrett,romerokyle@example.com,2024-12-06,REGULAR
453,Tracy Collins,sharonsmith@example.com,2025-03-11,VIP
454,Jasmine Long,allison96@example.org,2025-08-22,REGULAR
455,Deborah Mcguire,peggy94@example.com,2023-10-28,REGULAR
456,Jaclyn Taylor,mccarthyjames@example.org,2024-01-21,REGULAR
457,Nicole Potter,barbara15@example.org,2026-04-30,REGULAR
458,Amanda Miller,jasonbrown@example.com,2025-02-05,REGULAR
459,Ruben Molina,egarcia@example.com,2024-11-04,REGULAR
460,Daniel Smith,qcarr@example.org,2024-04-21,REGULAR
461,Katrina Scott,pcook@example.com,2023-08-16,REGULAR
462,Adam Harrell,melaniesmith@example.org,2024-06-22,REGULAR
463,Sandra Collins,mariamoore@example.com,2023-11-06,REGULAR
464,Timothy Proctor,dianalozano@example.com,2026-05-05,PREMIUM
465,Toni Duarte,dgrant@example.net,2025-04-10,REGULAR
466,Sarah Chan,ruizreginald@example.net,2023-12-03,VIP
467,Eric Johnson,zbuckley@example.net,2024-09-19,PREMIUM
468,James Flores,williamrollins@example.com,2025-04-11,REGULAR
469,Jessica Crawford,rtate@example.com,2025-10-03,REGULAR
470,Alyssa Reese,michaelpowers@example.org,2026-05-11,REGULAR
471,Tara Hall,olivia46@example.com,2024-10-17,PREMIUM
472,Christina Hinton,jennifer03@example.org,2024-09-18,REGULAR
473,Stacie Bond,wsanchez@example.com,2026-05-12,PREMIUM
474,Alexis Kennedy,browntara@example.com,2024-04-29,REGULAR
475,Scott Parsons DDS,noah18@example.com,2025-05-17,REGULAR
476,Angela Bailey,juliefarmer@example.net,2024-06-14,REGULAR
477,Kevin Graham,boydsandra@example.org,2024-01-21,REGULAR
478,Emily Turner,wdaniel@example.org,2026-04-27,REGULAR
479,Noah Long DDS,staceyjohnson@example.org,2026-03-11,REGULAR
480,Shannon Costa,christopher88@example.org,2025-12-07,REGULAR
481,Timothy Cobb,michelle89@example.org,2026-06-25,REGULAR
482,Samantha Edwards,turnerelizabeth@example.org,2025-01-05,REGULAR
483,Christina King,margaretwalker@example.net,2026-07-25,REGULAR
484,Nicole Kennedy,ovaldez@example.net,2024-09-04,REGULAR
485,Kevin Cook,lecameron@example.net,2023-08-17,REGULAR
486,Jennifer Shelton,dwilson@example.org,2026-04-02,REGULAR
487,Samantha Thomas,mochoa@example.org,2024-06-01,REGULAR
488,David Wood,wwhite@example.com,2024-06-21,PREMIUM
489,Yolanda Ramos,lisa26@example.org,2024-03-08,REGULAR
490,Courtney Moore,angela85@example.org,2024-12-19,REGULAR
491,Stephen Pearson,yadams@example.com,2024-04-21,REGULAR
492,Kristen Mahoney,bethanywalls@example.net,2025-08-23,PREMIUM
493,David Lopez,pjackson@example.org,2024-04-20,VIP
494,Christopher Chandler,cohenchelsea@example.com,2025-12-23,REGULAR
495,Erica Castillo,brian42@example.org,2023-08-30,REGULAR
496,Cheryl Marshall,brenda73@example.net,2026-07-18,REGULAR
497,Sean Brown,gloverwendy@example.org,2026-05-31,REGULAR
498,Jerry Norton,emma68@example.net,2024-06-05,REGULAR
499,Mary Brennan,alexander61@example.net,2025-07-24,VIP
500,Carl Johnson,ayoung@example.org,2025-09-12,REGULAR
501,Joshua Cook,smithaudrey@example.org,2024-06-04,PREMIUM
502,John Wright,robinsonmelody@example.org,2024-11-09,REGULAR
503,Victoria Taylor,mtate@example.org,2025-12-26,REGULAR
504,Natasha Gomez,yli@example.org,2024-06-05,REGULAR
505,Holly Ward,lryan@example.com,2023-08-09,REGULAR
506,Ernest Schultz,jody32@example.com,2025-10-05,PREMIUM
507,William Hood,welchapril@example.org,2024-11-10,REGULAR
508,Bonnie Davis,russell27@example.net,2026-07-08,REGULAR
509,Ian Johnson,scottolson@example.com,2023-09-08,REGULAR
510,Brenda Johnson,courtney07@example.com,2024-01-06,REGULAR
511,Kent Case,floresandrew@example.net,2024-12-11,PREMIUM
512,Barbara Weber,craig76@example.com,2026-08-06,PREMIUM
513,Rebecca Johnson,greenashley@example.org,2025-01-22,REGULAR
514,Matthew Stanley,qgilbert@example.org,2025-05-17,REGULAR
515,Cindy Ford,brendafrey@example.com,2024-11-17,REGULAR
516,Sara Stephens,amybeard@example.net,2025-06-22,PREMIUM
517,Lori Perkins,mary70@example.org,2025-06-14,REGULAR
518,David Anderson,deborah55@example.com,2025-03-30,PREMIUM
519,Thomas Guzman,michelle27@example.com,2026-08-05,REGULAR
520,Gregory Duncan,edominguez@example.org,2025-08-10,VIP
