item_id,order_id,product_id,quantity,unit_price,discount_percent
1,395,46,2,638.51,35.92
2,6,163,3,23.67,31.39
3,282,182,5,495.2,24.71
4,137,199,6,304.17,24.12
5,407,126,6,571.3,32.94
6,164,172,1,383.3,1.31
7,476,221,1,608.51,23.31
8,161,53,4,673.53,6.37
9,179,27,6,531.07,2.06
10,284,21,2,925.77,21.2
11,147,176,4,551.44,14.56
12,526,143,1,62.07,12.39
13,58,241,5,150.84,17.64
14,124,207,3,58.71,30.24
15,57,10,5,253.94,20.88
16,129,167,1,793.96,29.92
17,147,64,1,198.35,5.86
18,568,237,-3,27.35,35.63
19,46,117,5,103.39,0.67
20,437,168,6,422.27,31.79
21,15,211,4,248.19,30.21
22,592,246,3,690.18,1.33
23,439,57,4,578.06,13.0
24,253,163,2,26.29,2.43
25,323,178,-3,459.56,20.16
26,50,75,4,579.21,33.1
27,295,203,2,272.19,37.2
28,68,163,1,31.19,6.31
29,253,197,4,151.93,23.76
30,419,120,2,546.58,37.56
31,414,119,2,335.46,4.19
32,195,106,1,728.41,39.41
33,224,202,4,489.51,2.93
34,612,107,4,271.12,26.27
35,367,93,5,279.25,37.64
36,577,207,2,73.83,33.47
37,395,17,4,36.11,11.61
38,120,115,-1,508.52,31.04
39,500,26,2,173.34,18.56
40,173,228,3,584.6,1.34
41,307,177,3,460.26,38.33
42,283,8,2,454.97,5.8
43,351,170,3,280.75,31.07
44,153,104,6,438.85,27.64
45,609,191,2,287.85,33.19
46,22,184,2,362.72,0.42
47,203,151,1,592.01,0.62
48,461,168,4,563.99,4.77
49,349,203,2,248.05,15.08
50,222,7,2,590.21,26.24
51,466,48,5,625.32,18.29
52,193,193,1,491.25,17.82
53,327,176,1,768.55,28.98
54,354,55,2,485.56,21.9
55,184,56,6,325.44,16.7
56,201,109,3,414.65,39.03
57,130,118,3,87.27,36.47
58,380,252,4,558.17,33.96
59,227,230,2,531.32,3.85
60,561,181,5,340.05,18.26
61,617,37,1,823.24,17.59
62,274,80,3,524.52,36.32
63,230,158,1,208.67,1.17
64,64,19,3,349.58,21.55
65,249,138,6,800.14,35.77
66,313,259,5,514.45,14.56
67,238,51,1,678.06,27.93
68,380,102,2,627.73,23.12
69,51,216,2,433.71,30.14
70,343,60,1,229.36,30.37
71,396,66,5,136.92,13.41
72,353,186,5,609.28,2.08
73,342,34,4,346.99,38.31
74,123,103,2,332.5,38.0
75,304,105,5,363.66,25.86
76,111,236,1,510.64,32.53
77,191,215,4,676.87,4.04
78,209,186,2,700.95,27.38
79,22,95,2,108.34,29.57
80,232,119,2,403.13,6.81
81,168,32,2,414.6,2.81
82,197,80,2,466.56,24.42
83,145,174,1,331.33,8.96
84,131,99,5,277.33,23.23
85,496,160,1,498.21,37.11
86,223,234,-4,542.77,37.31
87,633,218,4,847.25,29.36
88,32,68,5,417.29,34.95
89,84,249,5,400.84,3.85
90,593,201,3,470.59,11.41
91,96,139,1,111.24,18.4
92,158,175,3,28.78,34.36
93,24,177,1,728.23,8.15
94,434,187,3,168.49,36.21
95,303,155,3,32.33,18.74
96,251,166,6,805.69,17.81
97,215,248,3,210.95,36.53
98,111,257,4,573.95,11.52
99,21,213,2,219.43,27.0
100,179,124,5,219.44,36.85
101,130,182,1,592.31,30.2
102,377,20,2,348.07,24.16
103,352,175,3,40.56,17.0
104,383,106,5,650.73,38.42
105,357,36,6,87.08,16.06
106,242,211,4,168.58,31.7
107,96,73,1,68.13,31.54
108,177,215,1,478.75,23.41
109,358,30,2,309.54,16.37
110,521,146,5,7.42,31.83
111,71,241,4,121.45,11.27
112,166,27,1,509.18,27.9
113,425,178,2,417.81,13.64
114,409,49,4,411.52,14.36
115,220,211,1,248.61,10.99
116,112,213,5,211.94,3.47
117,169,81,6,544.41,2.64
118,104,54,1,688.6,6.88
119,344,206,5,670.85,13.5
120,355,73,1,123.93,17.86
121,616,52,6,630.98,3.34
122,62,69,5,546.9,20.03
123,337,115,6,499.93,9.32
124,311,124,6,165.14,21.38
125,92,3,2,407.3,38.92
126,388,45,1,398.37,9.07
127,76,187,5,206.87,24.19
128,410,59,1,651.64,15.29
129,1,17,4,25.06,37.64
130,553,201,3,439.58,15.46
131,360,109,6,341.33,22.68
132,207,217,3,78.35,2.7
133,86,165,4,546.43,37.97
134,463,82,1,640.96,25.94
135,163,182,1,710.48,31.3
136,508,228,3,322.92,8.7
137,598,44,2,304.53,17.41
138,251,152,3,532.45,0.03
139,363,165,4,536.28,15.21
140,134,101,2,152.89,31.07
141,541,41,3,196.89,22.4
142,37,183,1,514.31,33.31
143,504,126,4,821.71,16.48
144,270,231,1,207.8,11.68
145,182,97,6,511.02,24.13
146,213,28,2,357.52,29.12
147,399,48,1,617.54,14.26
148,566,227,4,256.33,26.34
149,388,29,4,541.88,33.03
150,507,188,5,610.15,28.42
151,344,180,2,247.49,17.73
152,186,208,3,671.47,1.26
153,110,149,1,312.87,14.64
154,313,218,5,880.55,28.04
155,315,77,1,189.72,29.51
156,146,252,3,466.36,22.81
157,514,194,2,118.29,14.02
158,142,33,5,108.52,39.66
159,221,62,4,282.04,27.54
160,148,164,3,264.8,34.14
161,464,188,6,762.44,31.71
162,135,109,3,269.17,9.78
163,271,161,3,669.43,5.56
164,426,22,2,32.88,22.12
165,163,203,6,307.68,22.68
166,240,92,3,13.59,9.99
167,623,84,5,355.48,34.66
168,497,69,6,460.9,21.43
169,605,107,3,234.97,34.05
170,611,39,-4,267.37,0.02
171,205,3,4,580.02,33.69
172,36,20,2,361.88,30.83
173,63,1,2,167.7,38.39
174,157,84,6,441.25,16.04
175,302,116,6,490.33,7.18
176,135,152,4,454.12,32.69
177,394,156,2,127.86,6.66
178,39,1,5,166.69,39.32
179,356,120,2,336.83,22.08
180,298,169,3,772.53,28.35
181,586,206,3,514.34,24.19
182,130,33,4,198.1,10.54
183,588,256,4,97.0,11.8
184,598,125,4,261.04,21.4
185,444,7,3,721.64,29.59
186,553,54,5,436.38,33.11
187,280,108,2,229.35,38.67
188,522,131,5,139.27,17.6
189,79,71,6,48.52,17.2
190,243,212,5,81.46,29.91
191,242,159,5,490.91,25.21
192,357,237,4,37.87,27.61
193,149,246,2,622.8,13.39
194,78,99,5,471.08,7.13
195,624,110,6,522.36,18.03
196,578,21,2,540.12,5.82
197,415,209,5,538.27,7.77
198,460,116,4,602.07,34.91
199,581,230,1,768.08,11.42
200,221,242,2,786.05,27.96
201,308,123,2,84.22,18.59
202,224,55,3,720.29,1.67
203,326,21,2,950.11,23.0
204,533,219,6,281.66,13.55
205,605,186,2,795.75,18.0
206,628,10,5,146.21,0.6
207,112,145,3,10.32,3.63
208,608,13,5,97.17,2.26
209,57,211,3,152.62,4.55
210,602,234,4,657.23,8.65
211,27,133,5,68.5,25.9
212,128,1,2,144.73,12.51
213,355,24,5,537.44,14.15
214,273,24,1,407.05,28.87
215,196,191,6,282.42,10.41
216,505,78,1,503.04,17.7
217,24,123,1,75.73,16.05
218,298,146,1,11.82,0.23
219,405,119,2,268.92,28.84
220,55,145,2,8.81,39.81
221,391,157,3,240.97,0.78
222,67,223,5,244.8,32.85
223,241,153,-2,141.51,25.6
224,479,32,4,464.95,29.36
225,466,150,4,629.67,24.12
226,590,205,4,84.68,26.11
227,43,260,3,307.83,24.4
228,37,248,2,252.43,3.06
229,110,103,3,320.18,2.78
230,537,85,4,514.51,6.77
231,107,185,3,395.97,18.38
232,105,71,5,66.41,16.65
233,202,212,5,96.03,1.05
234,285,117,5,131.74,19.13
235,293,202,5,421.67,16.79
236,321,103,4,269.01,5.95
237,249,33,2,157.37,18.95
238,321,29,1,513.18,26.08
239,203,207,5,62.1,3.55
240,261,258,1,523.54,22.45
241,103,142,6,520.07,17.22
242,487,204,1,69.03,28.94
243,7,87,1,184.42,0.26
244,481,177,4,651.9,20.11
245,176,182,6,815.97,34.23
246,339,226,4,280.58,19.96
247,425,129,4,494.51,13.41
248,250,244,1,120.73,35.07
249,182,254,4,70.93,27.57
250,283,197,5,158.08,38.34
251,594,89,1,215.82,1.85
252,122,114,2,354.52,30.58
253,224,63,5,577.98,3.2
254,386,214,1,30.04,3.16
255,72,17,5,39.21,18.23
256,4,74,1,189.65,25.2
257,248,59,3,739.99,33.37
258,19,196,3,440.96,19.92
259,276,253,5,480.05,0.57
260,376,242,2,533.45,19.39
261,470,220,6,255.71,0.47
262,217,225,1,541.39,13.4
263,6,39,5,306.85,26.84
264,595,35,4,110.21,13.14
265,77,40,5,169.15,31.28
266,171,18,3,568.73,8.17
267,462,64,2,166.08,8.7
268,284,151,5,446.69,25.0
269,569,77,4,216.95,2.59
270,154,234,6,490.06,16.38
271,424,115,6,336.53,31.31
272,169,127,5,757.76,8.43
273,412,144,4,519.87,38.02
274,482,129,6,565.88,30.87
275,74,44,2,367.79,27.88
276,481,17,3,44.64,38.62
277,79,123,2,123.53,4.13
278,88,176,2,478.64,21.23
279,41,257,6,745.45,16.03
280,582,198,4,153.48,38.05
281,295,68,4,433.61,31.74
282,529,69,4,711.69,32.94
283,237,139,3,73.65,31.0
284,113,66,3,240.93,28.03
285,167,193,6,622.34,5.77
286,9,105,3,438.92,34.75
287,266,10,3,204.14,2.38
288,617,60,3,214.64,13.37
289,329,110,3,475.41,15.07
290,543,166,6,508.73,9.51
291,375,53,3,415.12,23.66
292,115,124,6,184.62,24.5
293,504,238,5,406.17,39.15
294,412,211,6,213.83,17.51
295,329,111,1,459.98,10.9
296,413,23,4,322.39,8.15
297,131,243,4,465.53,5.78
298,364,59,6,707.29,8.21
299,598,210,5,215.58,10.25
300,604,186,6,783.3,23.37
301,100,223,2,250.52,17.61
302,568,205,5,146.78,15.41
303,452,208,6,505.75,26.05
304,66,209,1,354.08,7.4
305,480,27,6,784.25,23.2
306,376,98,6,433.72,14.84
307,267,35,5,183.84,37.09
308,405,242,5,455.02,12.76
309,482,176,5,456.55,34.23
310,148,250,4,141.96,1.51
311,296,231,4,197.35,1.7
312,241,245,4,384.05,7.24
313,602,164,6,428.02,14.41
314,147,184,4,378.56,11.03
315,240,113,2,735.38,3.25
316,292,85,-1,592.34,29.37
317,614,90,1,222.72,28.01
318,96,93,5,273.32,38.84
319,226,191,2,202.92,9.97
320,130,140,1,322.01,31.92
321,485,109,2,337.45,14.4
322,402,136,3,416.37,12.11
323,396,95,2,111.48,25.91
324,230,34,6,583.56,25.48
325,213,216,4,459.82,14.47
326,540,181,2,315.96,29.32
327,60,147,2,491.81,18.82
328,139,176,6,758.23,25.12
329,433,101,4,99.94,33.34
330,325,209,1,439.94,6.83
331,445,142,5,514.31,14.37
332,220,121,1,558.29,32.97
333,122,183,3,688.1,22.01
334,38,247,5,501.41,14.69
335,24,228,4,592.51,13.5
336,321,110,5,767.7,7.69
337,476,211,6,143.44,13.81
338,256,186,6,863.43,19.65
339,220,163,4,22.08,11.85
340,350,93,3,279.7,13.06
341,458,63,4,520.69,35.59
342,82,257,4,448.67,12.87
343,538,88,1,492.99,9.41
344,222,141,3,39.56,28.73
345,349,61,1,747.42,25.41
346,133,169,1,667.87,16.96
347,359,15,2,91.59,28.1
348,178,33,3,124.61,28.01
349,237,121,1,677.75,20.63
350,445,163,3,22.89,32.96
351,182,190,6,681.98,8.84
352,105,158,1,210.56,6.15
353,48,14,4,602.51,35.6
354,11,105,6,444.58,10.33
355,633,224,3,673.7,27.22
356,82,37,5,763.31,22.62
357,51,243,1,411.74,9.81
358,475,52,3,638.86,29.15
359,37,58,3,312.94,8.92
360,59,54,4,591.6,15.65
361,326,200,4,27.73,35.8
362,354,188,3,683.34,7.2
363,509,212,1,83.22,28.94
364,379,112,1,344.69,34.45
365,368,215,5,666.58,3.93
366,290,68,4,464.54,39.08
367,584,153,5,189.15,20.67
368,371,236,1,690.72,25.72
369,241,174,4,489.69,10.06
370,510,94,2,489.8,24.24
371,405,100,3,107.9,5.34
372,456,108,-4,235.21,25.36
373,265,46,1,901.34,25.16
374,478,144,3,537.41,6.4
375,425,146,2,9.01,1.48
376,516,170,3,388.88,4.08
377,438,72,5,533.2,23.94
378,304,218,2,728.05,2.23
379,303,148,3,107.09,26.15
380,294,99,1,331.93,5.11
381,405,168,1,360.39,35.15
382,393,160,5,483.38,13.84
383,123,49,-4,344.83,6.48
384,361,73,6,74.45,4.2
385,206,234,3,579.68,6.12
386,374,155,4,46.34,18.63
387,640,224,3,429.16,27.4
388,244,59,3,565.1,30.93
389,598,55,6,720.61,27.13
390,227,86,1,34.99,24.06
391,262,229,3,600.81,35.1
392,581,23,3,366.76,12.35
393,176,26,3,185.99,3.36
394,503,106,6,421.61,8.47
395,471,100,1,100.69,12.22
396,513,171,1,239.25,27.65
397,59,27,1,533.68,19.46
398,438,78,6,494.03,11.21
399,25,236,2,779.98,3.64
400,543,186,6,590.71,32.67
401,181,127,5,583.06,36.17
402,276,173,5,322.74,33.24
403,334,238,5,577.29,24.4
404,34,110,5,715.67,28.51
405,480,176,2,710.26,10.49
406,345,58,6,308.31,10.16
407,513,138,6,821.96,36.66
408,124,229,2,833.65,36.52
409,309,200,6,31.82,34.91
410,136,241,4,194.72,15.86
411,44,68,4,242.15,17.22
412,413,18,1,450.13,8.67
413,363,151,3,609.96,6.61
414,420,41,4,206.97,29.85
415,190,103,5,186.31,15.52
416,240,91,5,448.68,1.21
417,571,253,1,844.84,10.52
418,438,181,5,436.53,0.7
419,303,185,1,291.4,38.74
420,361,43,5,51.02,2.21
421,409,238,1,483.28,17.89
422,550,64,4,135.38,31.02
423,255,37,3,508.14,21.04
424,158,5,1,419.44,20.47
425,95,145,5,8.11,9.91
426,98,128,1,350.34,11.1
427,588,208,3,544.97,19.84
428,491,155,1,47.69,28.27
429,618,9,2,214.26,5.8
430,401,16,3,79.85,28.42
431,574,246,1,597.59,7.14
432,602,191,6,165.47,33.54
433,72,55,4,475.01,0.04
434,126,240,3,614.8,24.7
435,8,129,4,528.08,4.38
436,346,146,1,8.33,12.06
437,197,183,-3,683.54,26.28
438,495,206,6,437.37,34.69
439,157,105,5,368.71,13.16
440,493,237,2,30.48,39.11
441,408,76,4,19.65,1.84
442,267,149,5,311.6,7.01
443,90,22,4,47.79,38.41
444,40,73,5,95.11,25.97
445,282,71,3,45.06,21.41
446,189,151,4,601.52,25.45
447,365,256,3,157.65,22.58
448,250,252,6,528.09,22.05
449,138,77,2,222.99,13.32
450,72,207,2,48.07,8.42
451,86,107,2,287.18,27.93
452,620,64,4,241.96,12.92
453,123,257,4,506.67,7.01
454,248,231,3,149.5,38.12
455,177,184,2,465.79,31.9
456,455,100,6,106.53,7.91
457,473,162,5,139.63,10.7
458,239,173,3,410.7,39.98
459,339,14,6,362.24,32.1
460,399,178,4,526.74,9.86
461,327,19,6,298.46,12.37
462,580,4,-2,470.4,20.89
463,78,105,3,403.28,30.64
464,555,75,2,625.57,1.57
465,573,93,2,166.83,9.89
466,379,77,2,203.23,1.56
467,341,220,2,302.54,30.23
468,286,95,5,107.33,4.08
469,399,29,6,602.14,1.63
470,242,133,1,98.45,19.14
471,403,19,6,308.71,13.23
472,382,223,2,228.02,39.58
473,259,104,1,633.22,23.46
474,249,76,-1,15.18,6.38
475,421,177,4,762.49,34.04
476,210,226,2,293.06,33.06
477,557,128,1,585.12,21.49
478,205,118,4,96.35,33.76
479,306,77,1,141.42,29.89
480,371,98,1,845.96,1.1
481,437,44,2,374.5,22.07
482,213,194,5,154.07,29.56
483,59,172,1,388.05,26.58
484,326,158,2,218.34,16.65
485,498,190,4,756.0,27.48
486,390,123,5,99.39,37.42
487,108,56,-1,573.9,14.02
488,155,40,4,231.38,38.86
489,342,23,6,477.73,16.07
490,350,231,1,166.09,4.45
491,477,95,3,179.56,27.2
492,61,203,1,165.89,23.23
493,64,88,6,356.53,35.37
494,335,186,6,835.37,11.37
495,219,220,1,298.03,10.06
496,277,200,1,23.6,25.29
497,535,70,5,448.24,32.68
498,270,217,-1,46.31,38.11
499,122,188,4,852.43,7.71
500,602,88,1,334.0,36.36
501,572,240,4,606.17,18.38
502,265,19,1,360.98,21.68
503,88,126,6,690.6,31.72
504,456,232,1,157.56,8.11
505,462,235,4,195.5,39.2
506,359,178,3,682.28,7.82
507,443,57,1,460.12,22.12
508,82,121,6,594.1,38.09
509,223,137,3,522.89,36.86
510,300,163,3,29.57,15.68
511,538,55,5,564.68,9.26
512,180,66,1,186.64,32.65
513,231,95,1,105.71,21.67
514,98,22,3,57.92,6.37
515,11,1,1,222.06,31.64
516,82,254,5,105.61,9.77
517,91,92,1,15.35,2.44
518,281,221,3,485.74,35.14
519,36,156,5,103.61,31.14
520,131,233,3,368.7,29.97
521,24,107,3,230.31,21.69
522,410,259,6,735.19,39.7
523,525,64,3,238.21,13.61
524,293,117,5,151.63,14.94
525,151,210,3,325.36,26.11
526,427,44,2,279.69,35.59
527,142,22,5,41.04,27.72
528,277,229,5,669.44,39.42
529,368,143,5,109.18,24.05
530,527,2,2,536.72,33.84
531,221,130,6,273.34,39.54
532,8,90,1,139.27,14.82
533,93,179,4,512.1,25.44
534,343,38,3,351.27,26.9
535,104,65,3,542.14,1.88
536,565,167,6,809.87,14.09
537,31,10,4,144.21,26.82
538,9,100,1,166.49,8.59
539,370,24,5,466.88,37.75
540,236,80,1,429.38,23.62
541,340,4,4,475.31,27.82
542,609,260,2,326.29,33.44
543,215,107,3,294.82,3.3
544,527,130,2,306.26,5.64
545,55,132,6,468.22,12.79
546,583,139,6,71.43,1.16
547,513,162,5,176.29,30.62
548,230,226,1,201.35,20.36
549,62,32,5,234.36,39.63
550,143,216,5,600.59,4.12
551,122,251,5,327.91,15.22
552,188,141,3,40.44,17.91
553,300,176,5,758.59,28.05
554,155,240,1,345.2,10.35
555,108,210,5,281.91,29.68
556,433,228,3,404.56,4.04
557,192,21,6,965.39,4.37
558,577,5,6,284.57,27.55
559,18,129,4,475.43,31.55
560,281,134,2,710.66,25.81
561,214,256,-2,107.37,4.5
562,179,70,3,457.39,22.47
563,194,21,6,757.32,38.94
564,352,152,4,672.5,28.48
565,23,79,5,276.08,25.43
566,520,171,1,219.19,9.3
567,400,213,2,179.36,16.86
568,231,245,3,498.0,12.41
569,522,164,3,398.78,39.62
570,280,173,1,496.46,39.17
571,537,133,1,85.27,14.2
572,461,101,3,126.0,19.18
573,512,236,3,749.99,2.21
574,455,66,2,170.71,15.86
575,369,143,2,71.59,10.94
576,46,74,1,128.84,3.37
577,236,121,1,603.99,18.07
578,174,210,1,235.56,31.71
579,73,250,5,158.47,22.45
580,360,157,3,222.91,32.13
581,17,56,2,462.01,33.87
582,340,244,3,122.5,28.36
583,205,36,5,143.27,0.09
584,554,234,3,718.18,2.91
585,550,221,4,409.78,14.81
586,407,28,5,197.63,26.66
587,481,110,1,799.81,38.36
588,330,107,6,317.71,30.79
589,401,112,1,307.09,16.7
590,196,233,2,223.77,6.48
591,584,205,3,121.99,25.53
592,418,58,2,507.99,8.87
593,280,92,1,8.87,2.02
594,56,24,4,457.45,31.18
595,419,243,5,250.54,33.84
596,534,108,-3,203.8,28.21
597,499,90,6,145.36,10.87
598,223,161,1,589.85,27.89
599,611,254,5,101.44,30.4
600,198,14,5,383.92,31.87
601,316,200,2,25.3,1.2
602,515,255,2,166.6,35.3
603,608,242,2,562.54,27.55
604,42,98,2,546.63,23.88
605,249,168,-1,532.59,34.14
606,536,98,1,442.1,23.21
607,426,90,-4,148.04,6.98
608,157,9,6,152.08,1.24
609,487,63,4,610.53,39.93
610,121,195,2,464.27,18.75
611,489,93,1,233.43,29.03
612,118,81,5,527.43,28.59
613,320,185,2,317.77,2.09
614,36,199,1,518.27,38.83
615,372,19,1,375.04,21.03
616,379,183,4,756.26,10.06
617,63,128,6,377.39,9.67
618,256,29,2,520.78,35.51
619,108,255,2,279.78,8.17
620,54,252,5,700.19,13.51
621,210,253,6,831.11,35.11
622,578,253,3,863.02,29.44
623,416,200,4,23.98,5.19
624,567,87,1,289.68,10.31
625,251,230,2,863.85,23.3
626,522,203,1,224.3,36.05
627,121,29,5,504.49,20.35
628,328,63,1,665.0,3.46
629,94,25,4,532.03,28.57
630,555,166,3,737.31,18.7
631,540,125,2,345.4,25.43
632,100,184,2,502.23,37.25
633,248,143,3,68.39,6.45
634,516,147,2,654.64,35.65
635,549,126,3,754.66,39.84
636,616,164,2,394.43,33.58
637,559,242,4,686.76,21.54
638,149,157,5,271.65,12.41
639,121,75,3,871.53,19.48
640,229,4,2,532.79,17.09
641,152,222,1,642.19,36.96
642,199,40,6,225.21,35.67
643,156,104,5,779.13,3.96
644,35,39,1,374.69,2.22
645,420,102,1,966.48,30.45
646,187,73,6,89.38,30.73
647,388,230,6,826.01,12.83
648,11,109,3,349.79,24.48
649,466,122,1,563.02,6.21
650,137,89,2,314.26,4.99
651,210,252,5,454.66,37.03
652,520,222,1,650.63,12.77
653,361,60,5,156.63,5.58
654,69,61,6,535.7,10.82
655,496,95,5,97.52,3.83
656,570,217,2,74.31,25.21
657,211,180,4,340.9,15.86
658,603,188,5,636.97,34.76
659,580,94,6,663.97,32.24
660,408,36,3,98.31,1.12
661,462,16,6,79.46,12.48
662,605,258,3,442.22,19.9
663,422,249,1,342.65,0.72
664,563,1,6,236.11,19.61
665,285,105,4,253.43,22.05
666,189,70,3,690.42,32.05
667,182,228,3,444.58,38.87
668,272,206,5,372.24,37.9
669,425,155,5,50.7,22.72
670,430,233,5,225.83,28.36
671,509,220,4,245.39,3.4
672,303,210,5,259.33,36.52
673,358,130,4,221.17,30.11
674,61,164,1,367.5,17.96
675,150,48,2,474.35,28.0
676,139,220,1,189.5,19.23
677,267,221,3,419.13,37.52
678,177,92,4,11.11,9.26
679,476,6,1,14.94,30.2
680,472,145,4,11.75,17.88
681,230,211,5,228.56,2.51
682,183,182,6,672.23,22.29
683,629,39,2,274.1,34.83
684,579,191,3,207.1,4.33
685,476,140,4,229.27,34.59
686,124,247,2,494.22,33.51
687,441,166,2,647.82,28.32
688,452,100,2,150.1,16.95
689,452,10,1,160.83,24.34
690,611,128,5,484.89,34.96
691,463,140,2,316.46,26.3
692,375,241,6,195.91,26.66
693,137,120,6,582.98,7.89
694,403,221,-2,585.02,34.03
695,525,119,2,278.35,30.77
696,406,21,1,815.55,3.18
697,410,260,3,287.44,27.21
698,372,54,1,758.73,32.91
699,221,103,5,300.37,19.07
700,580,145,1,9.59,3.03
701,256,48,4,643.5,29.98
702,311,192,2,423.49,30.68
703,491,243,6,469.5,11.75
704,272,82,3,525.79,17.11
705,188,97,2,344.53,32.2
706,332,230,6,536.8,29.08
707,177,51,5,651.72,0.32
708,276,102,1,787.04,29.47
709,229,154,4,149.17,2.43
710,44,109,3,237.73,24.01
711,303,41,4,237.85,34.83
712,594,121,4,814.41,14.6
713,85,43,1,83.83,22.66
714,137,197,2,121.67,10.6
715,419,154,5,196.3,5.46
716,68,179,6,466.56,32.52
717,262,68,1,315.49,7.7
718,222,36,3,80.8,11.02
719,82,149,6,369.64,30.71
720,55,209,6,442.72,36.55
721,237,154,6,142.03,37.95
722,7,92,1,13.99,37.16
723,615,34,5,367.37,35.07
724,270,226,-3,275.85,36.99
725,279,29,5,341.03,35.41
726,394,96,6,47.48,34.31
727,358,236,1,579.98,33.71
728,141,140,2,258.57,8.54
729,582,1,6,173.2,38.04
730,128,117,4,94.49,18.02
731,363,214,2,30.48,5.47
732,459,104,3,805.23,24.25
733,259,216,1,569.05,2.75
734,302,185,3,366.89,25.4
735,205,213,4,206.16,26.84
736,287,153,3,146.78,15.22
737,379,35,3,124.66,9.93
738,256,42,6,57.12,11.21
739,483,206,2,712.8,18.5
740,485,131,3,210.26,7.48
741,388,23,5,397.03,16.61
742,508,38,6,424.47,14.52
743,229,198,3,191.64,35.35
744,375,158,4,205.7,33.44
745,462,257,2,427.82,29.1
746,429,191,5,194.04,10.03
747,381,48,2,377.32,11.51
748,203,40,2,222.21,27.33
749,155,54,4,482.22,17.45
750,615,241,5,181.26,23.67
751,496,248,3,212.47,29.79
752,320,133,2,71.37,25.38
753,442,163,2,29.63,28.3
754,556,4,6,548.46,0.25
755,60,149,2,430.69,24.01
756,204,123,3,97.51,24.78
757,153,188,1,865.27,29.3
758,98,56,4,350.86,6.07
759,422,136,4,633.07,1.43
760,260,256,4,116.46,36.43
761,359,171,2,177.51,36.5
762,355,254,6,63.66,13.49
763,108,258,4,733.71,33.42
764,198,141,4,44.39,11.43
765,640,60,3,162.45,8.59
766,347,132,3,392.58,23.51
767,449,146,3,6.68,25.09
768,1,212,4,109.27,16.47
769,278,212,6,84.7,36.49
770,529,231,6,154.97,19.89
771,269,68,3,324.06,6.84
772,8,242,1,844.61,2.42
773,481,187,4,149.73,5.55
774,401,58,3,516.18,12.3
775,316,91,5,321.23,35.63
776,237,1,5,155.41,21.72
777,476,90,3,230.25,11.44
778,513,46,3,903.73,10.46
779,195,210,1,278.16,31.54
780,18,96,5,56.17,35.28
781,150,194,2,159.78,24.97
782,396,155,2,34.14,30.7
783,452,82,3,480.31,7.28
784,521,240,4,525.65,29.62
785,245,259,5,734.3,21.28
786,348,21,-4,824.44,25.94
787,211,160,4,342.85,2.16
788,524,113,-3,725.94,17.79
789,200,128,6,378.4,32.68
790,596,6,4,21.18,25.53
791,156,182,3,690.61,28.1
792,323,105,6,448.29,28.73
793,181,159,5,400.86,26.55
794,60,205,6,117.19,17.96
795,432,125,2,249.37,5.54
796,536,1,6,142.96,27.66
797,270,163,5,18.61,8.09
798,103,55,6,634.0,35.3
799,461,175,5,29.34,39.89
800,215,230,5,696.67,34.45
801,494,75,1,735.5,9.32
802,339,218,2,465.89,1.5
803,104,197,1,100.47,6.63
804,273,254,4,120.68,37.37
805,441,81,4,576.97,32.86
806,470,85,4,338.8,4.97
807,396,131,2,172.62,31.7
808,261,71,5,72.25,0.11
809,383,8,5,466.19,37.91
810,149,185,1,492.89,8.81
811,224,112,5,301.37,23.18
812,501,241,5,112.14,18.59
813,550,140,6,232.26,19.3
814,157,139,2,97.65,17.91
815,521,175,3,28.04,24.29
816,106,172,5,534.77,36.58
817,530,32,3,335.61,20.03
818,267,190,2,520.5,32.71
819,593,37,2,739.96,14.1
820,593,233,2,260.9,35.0
821,497,53,4,347.38,13.48
822,506,85,2,519.66,38.45
823,404,32,2,346.94,14.24
824,325,65,6,813.91,25.66
825,131,85,1,331.3,11.99
826,200,211,-3,155.76,10.58
827,245,99,4,282.93,16.4
828,451,136,5,654.48,19.89
829,463,49,1,350.58,11.96
830,367,5,5,404.27,31.68
831,353,18,6,615.27,6.32
832,580,43,6,93.39,24.07
833,561,175,2,36.05,29.03
834,239,4,6,377.85,21.59
835,265,127,5,406.25,13.76
836,142,72,5,485.57,34.74
837,596,152,5,607.06,8.11
838,349,211,6,191.96,20.67
839,395,228,6,563.85,38.2
840,473,110,3,524.65,9.34
841,93,33,3,124.02,36.92
842,127,71,4,59.23,34.38
843,430,43,4,53.81,17.15
844,541,83,1,40.97,8.27
845,505,148,3,122.66,17.71
846,322,184,2,371.03,23.7
847,381,97,1,484.51,21.72
848,511,43,1,94.5,36.85
849,501,104,6,581.41,34.46
850,609,20,5,335.45,27.75
851,7,47,4,668.93,26.76
852,173,107,1,231.81,34.07
853,406,202,1,348.63,23.64
854,95,57,1,643.3,22.08
855,145,199,5,346.11,9.94
856,468,206,4,622.94,35.88
857,69,100,4,128.33,23.45
858,592,51,6,557.95,28.58
859,212,81,5,676.92,7.97
860,84,212,6,101.01,28.66
861,209,116,4,448.69,20.26
862,18,102,1,569.38,15.62
863,264,15,2,87.77,15.63
864,238,121,2,687.8,18.51
865,480,124,3,186.3,39.95
866,248,192,5,714.67,15.33
867,59,66,3,207.93,24.8
868,451,39,-1,367.46,10.73
869,514,226,3,230.9,3.14
870,490,111,5,372.01,12.27
871,458,119,2,437.99,34.51
872,346,180,4,295.82,15.57
873,229,72,2,422.24,36.34
874,104,170,3,295.06,28.31
875,340,90,2,203.79,29.45
876,462,203,4,245.9,30.09
877,608,137,4,539.07,10.5
878,360,107,4,244.47,18.24
879,614,136,6,433.91,17.2
880,85,202,6,489.06,28.96
881,262,3,5,485.57,15.07
882,192,225,6,330.15,19.35
883,428,251,1,210.45,8.44
884,532,104,4,439.46,15.12
885,433,203,4,189.53,7.43
886,197,12,4,30.12,28.41
887,302,185,2,295.1,23.63
888,58,246,5,661.61,19.16
889,418,260,6,319.58,29.92
890,112,197,1,163.4,21.36
891,98,41,6,218.33,10.75
892,500,164,1,437.57,24.75
893,404,217,4,66.8,3.0
894,246,79,4,325.18,4.04
895,634,201,4,317.4,1.13
896,6,62,6,266.47,13.56
897,286,54,4,565.56,7.11
898,325,123,2,95.06,8.19
899,451,59,6,671.44,20.24
900,107,166,5,706.65,27.56
901,253,230,3,933.64,26.91
902,226,207,6,48.19,5.13
903,4,203,3,252.32,25.33
904,335,240,1,331.33,33.14
905,474,256,6,147.59,39.39
906,603,162,3,193.88,3.81
907,233,141,6,38.61,2.54
908,410,39,5,284.08,12.81
909,553,244,4,192.71,38.39
910,593,14,5,439.06,8.52
911,357,43,6,62.83,3.79
912,203,207,3,48.56,3.72
913,532,194,5,96.98,39.86
914,126,183,2,625.81,16.73
915,376,117,1,124.87,11.64
916,104,234,4,498.95,27.87
917,272,18,4,468.04,19.82
918,552,218,3,886.13,7.33
919,520,165,4,369.49,21.29
920,165,129,2,505.38,5.0
921,393,125,2,229.81,27.93
922,596,74,1,134.88,5.66
923,127,157,2,211.28,15.45
924,240,171,4,152.76,15.85
925,589,242,4,628.85,24.59
926,172,46,6,606.47,9.72
927,37,250,4,176.3,25.29
928,159,52,1,878.09,32.95
929,128,123,5,122.19,31.23
930,52,155,5,34.96,39.76
931,408,69,4,596.16,34.08
932,265,133,2,92.72,22.74
933,332,46,4,689.52,11.62
934,418,76,3,17.8,38.15
935,261,250,6,153.29,28.61
936,325,178,4,547.58,16.21
937,631,252,5,680.35,21.25
938,186,77,1,152.99,39.28
939,256,223,4,236.07,6.24
940,303,26,6,157.5,2.46
941,464,215,3,649.3,22.03
942,248,164,3,310.28,12.57
943,379,117,-1,130.34,38.09
944,474,58,6,505.42,9.55
945,342,159,1,349.38,28.28
946,566,229,1,676.44,28.9
947,595,123,5,120.55,24.19
948,77,229,2,760.6,23.8
949,83,55,2,706.44,29.24
950,19,3,3,349.29,13.66
951,287,257,3,682.04,6.52
952,138,89,3,282.0,25.79
953,504,169,3,546.7,3.88
954,18,175,1,45.16,5.46
955,100,44,6,322.59,1.62
956,590,249,2,238.46,12.31
957,52,123,5,70.5,9.28
958,356,82,1,574.8,39.32
959,225,110,5,713.85,2.95
960,363,43,6,63.81,16.54
961,576,89,4,237.96,6.4
962,268,46,1,889.87,24.82
963,295,140,3,355.82,2.8
964,633,233,6,363.07,30.6
965,300,232,2,199.77,0.43
966,61,123,6,71.72,34.96
967,71,190,4,859.02,32.07
968,132,242,1,523.09,32.52
969,39,77,3,274.18,32.57
970,324,76,3,12.13,17.34
971,629,146,3,10.57,1.75
972,549,243,6,487.81,11.61
973,393,118,3,106.88,32.99
974,588,115,2,432.03,4.92
975,123,63,1,444.34,12.79
976,506,14,4,312.88,36.99
977,527,53,3,589.63,18.63
978,24,233,4,296.44,13.95
979,401,223,6,154.57,11.02
980,627,68,5,399.36,11.08
981,160,68,1,437.14,18.16
982,483,89,1,265.37,4.71
983,379,64,6,170.41,38.83
984,283,222,4,625.95,37.19
985,334,104,5,684.96,38.7
986,261,192,6,610.83,0.24
987,556,43,3,53.47,21.35
988,176,11,3,174.12,28.39
989,262,99,6,367.9,33.21
990,436,6,6,16.73,37.07
991,74,42,5,37.79,1.89
992,425,91,3,425.11,23.56
993,280,251,5,332.22,15.2
994,372,95,2,185.11,39.95
995,179,97,4,429.6,35.94
996,301,225,1,495.26,2.48
997,574,251,6,309.8,26.83
998,573,134,5,436.99,9.41
999,411,27,3,551.16,12.72
1000,165,245,5,359.66,7.26
1001,194,249,2,343.48,12.87
1002,76,214,6,31.74,13.65
1003,68,234,2,592.05,26.62
1004,421,2,1,442.31,14.16
1005,307,206,5,629.6,10.83
1006,362,223,6,230.4,36.04
1007,317,139,4,114.61,5.91
1008,12,83,1,43.14,25.73
1009,338,12,5,46.67,35.6
1010,87,51,4,780.68,37.54
1011,587,247,1,415.78,30.78
1012,509,194,5,127.61,38.2
1013,269,195,1,456.94,31.92
1014,122,230,4,909.25,13.78
1015,162,237,2,27.05,21.53
1016,82,220,4,351.94,16.76
1017,604,238,3,629.64,6.72
1018,60,35,4,101.52,1.21
1019,467,47,3,623.83,2.26
1020,14,2,2,688.12,16.08
1021,324,222,5,474.38,28.66
1022,445,103,1,348.0,39.23
1023,118,40,4,231.49,25.19
1024,118,253,3,818.65,21.32
1025,516,9,6,278.2,37.84
1026,565,66,2,224.51,20.25
1027,380,10,4,156.51,13.07
1028,301,137,4,535.24,19.11
1029,177,72,1,693.02,13.37
1030,110,244,4,141.74,2.27
1031,382,257,-4,598.59,29.41
1032,342,141,1,38.73,37.1
1033,57,162,5,118.86,11.39
1034,330,46,3,716.92,0.73
1035,381,142,3,415.76,10.03
1036,271,212,4,106.75,8.95
1037,143,179,1,440.98,2.81
1038,404,32,5,284.08,14.93
1039,23,119,5,390.76,6.15
1040,117,157,2,195.59,30.92
1041,203,155,4,47.54,5.82
1042,608,64,6,254.5,25.02
1043,561,106,6,793.1,35.17
1044,113,15,2,105.65,21.17
1045,143,139,2,70.04,19.6
1046,482,169,2,794.38,28.32
1047,600,80,1,365.13,9.88
1048,200,69,6,809.21,31.9
1049,337,41,4,167.82,30.22
1050,542,162,3,170.21,13.11
1051,474,121,6,634.14,27.62
1052,217,179,5,429.42,32.96
1053,331,111,4,278.06,11.53
1054,335,254,6,94.35,18.33
1055,388,146,1,11.09,27.66
1056,163,231,4,188.97,15.13
1057,287,209,3,381.91,13.3
1058,324,51,2,396.69,25.31
1059,293,161,4,516.14,28.53
1060,443,107,5,163.98,2.03
1061,348,200,1,35.45,32.1
1062,442,169,4,490.14,24.97
1063,378,106,4,465.33,18.55
1064,381,143,2,74.87,36.98
1065,103,198,1,183.47,24.75
1066,466,93,2,311.06,4.71
1067,71,14,1,389.47,16.29
1068,335,150,1,923.85,3.81
1069,96,105,5,318.5,6.7
1070,294,128,2,409.0,7.63
1071,197,137,4,701.96,31.62
1072,125,74,2,146.35,25.54
1073,473,228,4,632.12,1.38
1074,3,195,5,740.66,16.06
1075,48,98,4,657.4,28.29
1076,563,200,1,25.52,4.51
1077,507,97,5,437.27,3.45
1078,542,181,2,453.82,5.89
1079,141,238,5,544.86,18.58
1080,159,209,1,367.55,38.36
1081,513,50,2,516.01,0.45
1082,561,106,4,800.09,22.93
1083,219,58,6,385.38,37.92
1084,179,74,5,174.82,28.38
1085,120,238,3,487.19,33.8
1086,269,224,2,461.84,9.9
1087,52,134,4,476.18,2.91
1088,129,49,2,356.41,28.06
1089,398,243,-1,281.81,1.59
1090,507,233,3,247.67,18.57
1091,133,99,2,301.14,8.99
1092,509,74,3,169.71,16.96
1093,354,172,6,544.28,16.04
1094,237,32,2,375.98,21.66
1095,340,34,3,574.97,2.9
1096,189,197,2,98.61,15.1
1097,562,116,6,610.69,29.94
1098,497,69,5,623.74,15.14
1099,217,232,3,182.87,20.39
1100,460,164,3,292.34,12.83
1101,183,80,5,358.77,1.44
1102,288,74,3,133.81,10.69
1103,287,60,6,235.69,29.94
1104,220,60,2,167.84,23.67
1105,505,118,2,138.7,26.43
1106,390,141,1,41.14,31.47
1107,103,137,1,611.2,1.52
1108,502,71,5,44.91,9.04
1109,450,60,1,162.67,27.41
1110,24,1,6,228.49,14.3
1111,95,101,3,140.44,39.1
1112,547,54,4,839.86,16.7
1113,82,155,6,40.85,1.13
1114,581,253,4,547.8,21.25
1115,605,40,3,214.49,33.92
1116,601,223,3,268.11,21.47
1117,582,128,2,390.35,26.01
1118,576,48,1,389.52,19.8
1119,388,63,4,383.3,38.52
1120,206,220,4,228.42,4.8
1121,396,161,5,633.63,16.89
1122,263,164,6,238.2,23.25
1123,482,181,6,382.54,35.3
1124,147,135,1,930.36,26.06
1125,346,178,2,437.2,19.54
1126,65,245,5,592.21,1.96
1127,243,198,3,221.96,34.94
1128,337,129,2,377.39,29.41
1129,104,237,2,25.4,35.96
1130,470,177,2,579.87,39.35
1131,407,69,2,511.72,33.98
1132,344,136,4,469.34,4.1
1133,489,32,6,327.0,5.15
1134,282,29,6,533.76,16.4
1135,539,8,3,252.03,4.68
1136,324,21,1,808.48,9.67
1137,549,61,5,469.09,24.02
1138,248,44,2,449.23,8.65
1139,540,19,3,314.69,7.85
1140,3,86,5,32.02,1.45
1141,170,247,5,545.76,26.88
1142,392,138,5,857.44,4.66
1143,587,181,5,450.11,3.35
1144,89,147,2,736.7,9.3
1145,257,185,5,310.14,16.51
1146,451,111,6,433.38,19.23
1147,570,218,6,749.2,36.41
1148,361,247,3,552.57,38.52
1149,437,143,6,83.12,36.59
1150,392,43,3,83.48,6.55
1151,162,257,3,593.82,19.44
1152,90,10,4,221.31,24.91
1153,365,74,5,233.79,7.13
1154,171,4,-4,605.44,15.08
1155,479,206,1,646.91,6.74
1156,20,249,5,222.13,39.59
1157,205,29,5,447.68,32.25
1158,282,152,6,850.05,14.92
1159,272,118,-4,129.25,23.86
1160,133,48,2,560.52,4.86
1161,287,228,3,562.79,11.88
1162,276,147,5,655.42,23.57
1163,19,215,3,453.99,9.4
1164,124,251,2,292.4,17.89
1165,202,26,5,204.95,18.08
1166,167,5,3,384.56,14.53
1167,465,181,-3,383.39,4.26
1168,401,164,5,297.78,16.69
1169,278,142,6,487.7,38.95
1170,371,139,6,69.94,6.18
1171,319,55,3,465.02,29.15
1172,386,152,4,874.43,10.4
1173,343,76,2,19.17,22.42
1174,584,207,4,71.64,39.29
1175,269,228,5,363.99,22.69
1176,125,212,6,75.31,27.7
1177,254,213,5,170.27,4.86
1178,546,241,1,115.15,33.38
1179,574,167,6,738.24,9.96
1180,588,150,-3,611.93,9.29
1181,496,239,1,214.72,6.43
1182,392,43,5,91.25,6.68
1183,376,203,6,182.53,6.33
1184,366,206,3,563.44,16.54
1185,445,86,4,45.78,4.75
1186,2,56,3,585.1,11.54
1187,120,145,5,8.5,3.96
1188,45,256,2,91.23,18.59
1189,294,126,3,889.67,27.77
1190,609,29,4,434.69,31.43
1191,237,222,1,477.88,7.81
1192,171,215,3,685.43,27.94
1193,325,100,6,153.8,30.56
1194,450,119,4,451.91,1.4
1195,477,188,1,549.93,5.99
1196,435,46,6,772.93,24.04
1197,195,204,2,82.11,23.92
1198,564,230,5,498.05,1.9
1199,239,192,3,502.16,10.27
1200,260,209,4,431.63,10.32
1201,345,100,5,98.42,23.98
1202,588,186,6,544.74,1.87
1203,189,136,3,753.5,21.43
1204,209,93,1,188.42,3.7
1205,47,161,5,571.61,31.02
1206,426,190,5,585.21,36.55
1207,338,215,2,617.74,34.59
1208,568,19,2,453.21,32.79
1209,519,150,2,866.87,6.04
1210,110,258,6,766.45,36.62
1211,351,77,-2,142.04,15.61
1212,341,242,1,672.79,31.95
1213,422,255,5,283.03,8.49
1214,556,68,5,434.61,9.38
1215,137,211,1,244.04,33.53
1216,385,57,6,592.88,2.37
1217,127,182,1,777.85,34.22
1218,101,169,5,424.27,6.75
1219,214,71,4,45.33,4.01
1220,355,229,-4,896.31,22.4
1221,35,237,3,21.58,10.49
1222,85,126,3,744.38,35.31
1223,357,7,4,479.27,34.73
1224,563,256,1,89.68,11.4
1225,620,196,1,608.45,1.68
1226,629,101,5,147.64,28.62
1227,9,37,2,742.02,33.17
1228,205,105,6,479.5,10.34
1229,323,181,2,503.22,38.0
1230,148,197,5,108.99,39.48
1231,388,34,-2,415.81,8.8
1232,31,134,5,497.37,34.78
1233,262,60,4,225.66,4.09
1234,14,5,4,429.54,32.09
1235,126,98,2,741.82,14.05
1236,617,12,5,44.09,1.96
1237,51,206,1,507.85,28.74
1238,232,255,-1,178.61,19.49
1239,500,161,4,632.26,34.63
1240,341,184,2,458.77,28.22
1241,114,155,-1,34.98,24.79
1242,60,240,6,527.63,12.61
1243,528,170,6,446.49,20.07
1244,509,239,6,161.81,39.51
1245,401,175,1,31.98,33.66
1246,564,166,3,613.23,16.0
1247,430,79,2,323.48,30.83
1248,38,75,2,761.21,5.67
1249,293,66,6,174.77,28.96
1250,154,259,6,778.04,6.66
1251,208,37,5,500.85,22.4
1252,395,259,5,447.34,35.28
1253,516,61,5,637.21,11.89
1254,393,259,6,534.78,15.23
1255,185,112,5,415.85,1.68
1256,116,145,3,12.24,25.08
1257,592,65,4,850.82,22.83
1258,134,74,3,237.74,16.75
1259,270,78,4,479.85,26.47
1260,306,219,5,181.61,35.75
1261,104,128,1,439.14,19.76
1262,616,7,5,616.32,35.04
1263,125,12,2,38.35,13.11
1264,217,205,1,151.79,19.03
1265,629,10,-1,136.9,21.82
1266,116,98,1,711.53,26.25
1267,47,68,1,456.11,18.13
1268,49,96,1,77.34,38.12
1269,100,142,-4,291.2,8.28
1270,485,125,5,291.69,10.11
1271,158,196,2,418.05,35.68
1272,270,10,5,218.82,8.41
1273,134,174,6,508.71,2.63
1274,13,204,5,81.83,15.29
1275,443,97,3,333.59,31.42
1276,181,71,2,49.86,26.63
1277,550,240,1,605.3,18.84
1278,301,257,4,587.4,6.22
1279,46,176,3,697.02,22.27
1280,364,88,6,334.48,9.9
1281,155,7,1,400.16,36.65
1282,225,38,4,371.03,29.44
1283,561,249,3,237.63,17.7
1284,201,99,2,407.59,11.44
1285,441,89,5,402.22,24.81
1286,180,33,5,107.94,9.24
1287,188,166,1,580.66,20.18
1288,293,165,2,395.54,1.27
1289,438,235,2,217.02,1.23
1290,384,57,2,575.62,25.67
1291,551,9,3,259.12,23.6
1292,136,81,3,486.46,6.98
1293,282,151,-4,799.88,31.48
1294,279,19,5,471.03,13.85
1295,607,166,3,620.62,23.08
1296,494,53,1,528.74,32.52
1297,444,5,3,264.96,8.46
1298,594,185,3,337.52,20.94
1299,262,169,2,710.11,12.74
1300,497,124,5,156.79,18.45
1301,58,164,2,416.98,2.98
1302,19,256,5,159.88,16.02
1303,379,256,4,130.16,29.05
1304,40,108,3,150.42,38.52
1305,65,51,3,544.3,32.82
1306,85,117,5,132.74,30.18
1307,365,22,2,45.41,2.64
1308,185,110,3,633.25,19.22
1309,618,177,3,513.95,7.78
1310,546,8,5,270.66,16.35
1311,211,78,6,506.48,27.44
1312,512,80,6,596.78,28.61
1313,625,22,5,39.2,16.29
1314,217,67,4,511.29,29.13
1315,281,240,2,611.79,11.78
1316,331,134,2,686.31,17.14
1317,93,60,1,188.53,8.22
1318,523,83,2,46.67,22.43
1319,416,197,1,86.96,9.48
1320,382,24,1,463.01,6.38
1321,227,53,5,379.39,27.33
1322,187,18,3,486.82,18.49
1323,374,211,5,144.63,31.62
1324,123,42,2,39.02,31.03
1325,286,12,-3,45.45,29.13
1326,336,115,1,364.74,1.87
1327,505,119,1,283.15,20.72
1328,392,186,3,936.31,37.74
1329,330,154,1,148.11,1.95
1330,406,234,5,640.42,10.42
1331,238,129,5,578.03,6.73
1332,195,45,2,472.34,24.69
1333,419,57,1,487.79,13.29
1334,231,255,1,231.84,29.81
1335,352,166,1,846.85,33.25
1336,438,172,5,519.41,19.64
1337,128,29,2,627.96,14.03
1338,76,162,5,135.72,32.38
1339,4,220,5,307.0,13.29
1340,17,67,3,480.87,32.34
1341,551,12,5,53.21,30.49
1342,177,66,6,181.52,5.0
1343,85,184,6,334.8,4.46
1344,356,20,4,401.68,26.84
1345,117,75,2,714.81,0.26
1346,364,67,6,501.92,38.01
1347,570,85,2,535.53,21.65
1348,23,185,4,452.44,1.73
1349,292,99,6,493.71,11.81
1350,235,257,5,616.62,29.9
1351,518,211,5,216.54,20.32
1352,228,226,3,274.77,3.7
1353,522,163,6,25.77,3.46
1354,318,149,6,511.01,10.79
1355,37,92,2,14.94,21.8
1356,288,54,3,694.75,34.04
1357,177,153,6,140.96,23.42
1358,521,45,2,559.28,21.95
1359,352,141,5,39.6,18.57
1360,596,69,5,806.29,8.96
1361,13,183,4,741.25,20.68
1362,624,99,3,249.94,15.37
1363,85,34,5,568.54,29.8
1364,162,156,5,126.49,16.58
1365,391,258,5,608.07,27.51
1366,567,88,3,345.42,34.41
1367,17,135,4,598.16,6.17
1368,121,61,5,678.3,38.14
1369,412,34,1,491.97,37.2
1370,372,122,2,484.74,15.02
1371,270,148,1,110.48,33.45
1372,34,165,5,538.65,26.2
1373,279,146,5,9.33,10.33
1374,165,94,6,719.0,24.01
1375,574,123,5,111.05,37.12
1376,382,207,6,60.08,1.84
1377,135,97,4,503.78,36.61
1378,106,153,3,197.98,13.16
1379,387,215,4,485.54,14.58
1380,223,239,4,202.74,10.08
1381,353,219,2,254.81,14.25
1382,457,233,4,192.07,11.16
1383,123,119,3,437.57,2.66
1384,493,7,6,551.68,14.95
1385,18,140,4,252.43,28.66
1386,391,7,1,627.82,16.85
1387,440,16,5,60.55,29.87
1388,46,142,6,326.78,38.34
1389,196,245,5,522.39,20.78
1390,225,226,6,210.63,7.43
1391,398,219,3,219.31,21.22
1392,417,39,1,342.98,32.68
1393,31,210,2,312.67,36.22
1394,18,54,2,764.16,0.62
1395,583,241,1,122.08,36.45
1396,374,131,2,186.56,4.53
1397,60,56,1,631.52,10.87
1398,410,104,6,502.57,38.43
1399,284,76,2,22.45,23.8
1400,593,88,1,442.35,32.2
1401,431,195,2,537.91,37.66
1402,193,178,6,673.31,28.93
1403,325,6,1,16.96,32.76
1404,70,116,3,543.19,17.59
1405,170,104,1,697.41,13.31
1406,428,90,3,194.35,25.25
1407,486,156,4,127.77,1.32
1408,99,6,2,22.59,16.03
1409,215,120,2,327.13,31.76
1410,424,153,2,151.11,25.56
1411,327,158,3,258.47,32.88
1412,485,74,4,224.94,21.67
1413,89,155,4,50.09,18.87
1414,310,253,3,828.28,11.51
1415,163,79,5,349.48,2.16
1416,369,98,4,838.91,37.06
1417,91,192,2,694.61,33.68
1418,376,101,2,152.91,15.72
1419,293,179,1,535.78,36.47
1420,284,140,1,246.36,39.81
